artist	album	genre	play count
Cher	I_Paralyze	Pop	771
Cher	Living_Proof_(Cher_album)	Pop	909
Cher	Love_Hurts_(Cher_album)	Pop	946
Cher	Take_Me_Home_(Cher_album)	Pop	626
Chicago_(band)	Chicago_(album)	Rock	221
Chicago_(band)	Chicago_16	Rock	867
Chicago_(band)	Chicago_17	Rock	105
Chicago_(band)	Chicago_18	Rock	851
Chicago_(band)	Chicago_19	Rock	438
Chicago_(band)	Chicago_III	Rock	505
Chicago_(band)	Chicago_V	Rock	503
Chicago_(band)	Chicago_VI	Rock	882
Chicago_(band)	Chicago_VII	Rock	602
Chicago_(band)	Chicago_VIII	Rock	553
Chicago_(band)	Chicago_X	Rock	17
Chicago_(band)	Chicago_XI	Rock	611
Chicago_(band)	Chicago_XXXII:_Stone_of_Sisyphus	Rock	724
Chicago_(band)	Hot_Streets	Rock	238
Chicago_(band)	The_Chicago_Transit_Authority_(album)	Rock	893
Chicago_(band)	Twenty_1	Rock	400
Chris_Brown	Chris_Brown_(album)	Hip hop	481
Chris_Brown	Exclusive_(album)	Hip hop	638
Chris_Brown	Fan_of_a_Fan	Hip hop	427
Chris_Brown	Graffiti_(Chris_Brown_album)	Hip hop	979
Chris_Brown	Royalty_(Chris_Brown_album)	Hip hop	932
Chris_Brown	X_(Chris_Brown_album)	Hip hop	29
Christina_Aguilera	Back_to_Basics_(Christina_Aguilera_album)	Pop	535
Christina_Aguilera	Christina_Aguilera_(album)	Pop	496
Coldplay	A_Head_Full_of_Dreams	Rock	420
Coldplay	A_Rush_of_Blood_to_the_Head	Rock	719
Coldplay	Coldplay_Live_2003	Rock	201
Coldplay	Ghost_Stories_(Coldplay_album)	Rock	847
Coldplay	Mylo_Xyloto	Rock	100
Coldplay	Parachutes_(album)	Rock	758
Coldplay	Prospekt's_March	Rock	552
Coldplay	Viva_la_Vida_or_Death_and_All_His_Friends	Rock	631
Coldplay	X&Y	Rock	147
David_Bowie	%22Heroes%22_(David_Bowie_album)	Rock	603
David_Bowie	Aladdin_Sane	Rock	96
David_Bowie	Black_Tie_White_Noise	Rock	495
David_Bowie	David_Bowie_(1967_album)	Rock	925
David_Bowie	David_Bowie_(1969_album)	Rock	285
David_Bowie	David_Live	Rock	485
David_Bowie	Diamond_Dogs	Rock	391
David_Bowie	Earthling_(album)	Rock	66
David_Bowie	Heathen_(David_Bowie_album)	Rock	886
David_Bowie	Hunky_Dory	Rock	4
David_Bowie	Labyrinth_(David_Bowie_album)	Rock	273
David_Bowie	Let's_Dance_(David_Bowie_album)	Rock	683
David_Bowie	Lodger_(album)	Rock	144
David_Bowie	Low_(David_Bowie_album)	Rock	904
David_Bowie	Never_Let_Me_Down	Rock	67
David_Bowie	Outside_(David_Bowie_album)	Rock	702
David_Bowie	Reality_(David_Bowie_album)	Rock	848
David_Bowie	Scary_Monsters_(And_Super_Creeps)	Rock	560
David_Bowie	Stage_(David_Bowie_album)	Rock	315
David_Bowie	Station_to_Station	Rock	596
David_Bowie	The_Buddha_of_Suburbia_(soundtrack)	Rock	254
David_Bowie	The_Man_Who_Sold_the_World_(album)	Rock	434
David_Bowie	The_Next_Day	Rock	765
David_Bowie	The_Rise_and_Fall_of_Ziggy_Stardust_and_the_Spiders_from_Mars	Rock	662
David_Bowie	Tonight_(David_Bowie_album)	Rock	132
Def_Leppard	Adrenalize	Heavy metal	765
Def_Leppard	Euphoria_(Def_Leppard_album)	Heavy metal	322
Def_Leppard	High_'n'_Dry	Heavy metal	332
Def_Leppard	Hysteria_(Def_Leppard_album)	Heavy metal	244
Def_Leppard	On_Through_the_Night	Heavy metal	931
Def_Leppard	Pyromania_(album)	Heavy metal	182
Def_Leppard	Retro_Active	Heavy metal	912
Def_Leppard	Slang_(album)	Heavy metal	926
Def_Leppard	Songs_from_the_Sparkle_Lounge	Heavy metal	474
Def_Leppard	X_(Def_Leppard_album)	Heavy metal	695
Def_Leppard	Yeah!_(Def_Leppard_album)	Heavy metal	585
Dire_Straits	Communiqué_(Dire_Straits_album)	Rock	243
Dire_Straits	Dire_Straits_(album)	Rock	827
Dire_Straits	ExtendedancEPlay	Rock	477
Dire_Straits	Love_over_Gold	Rock	453
Dire_Straits	Making_Movies	Rock	627
Dire_Straits	On_Every_Street	Rock	911
Donna_Summer	A_Love_Trilogy	Pop	554
Donna_Summer	All_Systems_Go_(Donna_Summer_album)	Pop	920
Donna_Summer	Another_Place_and_Time	Pop	221
Donna_Summer	Cats_Without_Claws	Pop	893
Donna_Summer	Crayons_(album)	Pop	888
Donna_Summer	Donna_Summer_(album)	Pop	699
Donna_Summer	Four_Seasons_of_Love	Pop	208
Donna_Summer	I_Remember_Yesterday	Pop	554
Donna_Summer	Lady_of_the_Night_(album)	Pop	432
Donna_Summer	Live_&_More_Encore	Pop	330
Donna_Summer	Live_and_More	Pop	247
Donna_Summer	Love_to_Love_You_Baby_(album)	Pop	921
Donna_Summer	Mistaken_Identity_(Donna_Summer_album)	Pop	8
Donna_Summer	On_the_Radio:_Greatest_Hits_Volumes_I_&_II	Pop	133
Donna_Summer	Once_Upon_a_Time_(Donna_Summer_album)	Pop	762
Donna_Summer	She_Works_Hard_for_the_Money_(album)	Pop	50
Donna_Summer	The_Wanderer_(Donna_Summer_album)	Pop	668
Drake_(musician)	If_You're_Reading_This_It's_Too_Late	Hip hop	191
Drake_(musician)	Nothing_Was_the_Same	Hip hop	248
Drake_(musician)	Thank_Me_Later	Hip hop	83
Drake_(musician)	Views_(album)	Hip hop	876
Billy_Joel	52nd_Street_(album)	Rock	50
Billy_Joel	An_Innocent_Man	Rock	934
Billy_Joel	Cold_Spring_Harbor_(album)	Rock	24
Billy_Joel	Glass_Houses	Rock	807
Billy_Joel	Greatest_Hits_(Billy_Joel_albums)	Rock	563
Billy_Joel	Piano_Man_(album)	Rock	117
Billy_Joel	River_of_Dreams	Rock	968
Billy_Joel	Songs_in_the_Attic	Rock	301
Billy_Joel	Storm_Front_(album)	Rock	460
Billy_Joel	Streetlife_Serenade	Rock	236
Billy_Joel	The_Bridge_(Billy_Joel_album)	Rock	904
Billy_Joel	The_Nylon_Curtain	Rock	509
Billy_Joel	The_Stranger_(album)	Rock	22
Billy_Joel	Turnstiles_(album)	Rock	279
Bob_Dylan	Another_Side_of_Bob_Dylan	Folk	553
Bob_Dylan	Before_the_Flood_(album)	Rock	75
Bob_Dylan	Biograph_(album)	Folk	462
Bob_Dylan	Blonde_on_Blonde	Rock	444
Bob_Dylan	Blood_on_the_Tracks	Rock	166
Bob_Dylan	Bob_Dylan_(album)	Folk	789
Bob_Dylan	Bob_Dylan_at_Budokan	Rock	468
Bob_Dylan	Bob_Dylan's_Greatest_Hits_Vol._II	Rock	47
Bob_Dylan	Bob_Dylan's_Greatest_Hits_Volume_3	Rock	611
Bob_Dylan	Bringing_It_All_Back_Home	Rock	980
Bob_Dylan	Desire_(Bob_Dylan_album)	Rock	658
Bob_Dylan	Empire_Burlesque	Rock	569
Bob_Dylan	Highway_61_Revisited	Rock	592
Bob_Dylan	John_Wesley_Harding_(album)	Folk	589
Bob_Dylan	Knocked_Out_Loaded	Rock	599
Bob_Dylan	Love_and_Theft_(Bob_Dylan_album)	Rock	379
Bob_Dylan	Masterpieces_(Bob_Dylan_album)	Folk	309
Bob_Dylan	Modern_Times_(Bob_Dylan_album)	Rock	757
Bob_Dylan	Nashville_Skyline	Folk	422
Bob_Dylan	New_Morning	Rock	109
Bob_Dylan	Oh_Mercy	Rock	459
Bob_Dylan	Pat_Garrett_&_Billy_the_Kid_(album)	Rock	992
Bob_Dylan	Planet_Waves	Rock	995
Bob_Dylan	Self_Portrait_(Bob_Dylan_album)	Rock	878
Bob_Dylan	Shot_of_Love	Rock	4
Bob_Dylan	Slow_Train_Coming	Rock	445
Bob_Dylan	Street-Legal_(album)	Rock	96
Bob_Dylan	The_Basement_Tapes	Rock	567
Bob_Dylan	The_Bootleg_Series_Vol._4:_Bob_Dylan_Live_1966,_The_%22Royal_Albert_Hall%22_Concert	Rock	757
Bob_Dylan	The_Freewheelin'_Bob_Dylan	Folk	603
Bob_Dylan	The_Times_They_Are_a-Changin'_(album)	Folk	999
Bob_Dylan	Time_Out_of_Mind	Rock	126
Bob_Dylan	Together_Through_Life	Rock	482
Bob_Dylan	Under_the_Red_Sky	Rock	750
Bob_Marley	Kaya_(album)	Reggae	420
Bon_Jovi	Bon_Jovi_(album)	Heavy metal	450
Bon_Jovi	Bounce_(Bon_Jovi_album)	Heavy metal	827
Bon_Jovi	Cross_Road_(album)	Heavy metal	881
Bon_Jovi	Crush_(Bon_Jovi_album)	Heavy metal	838
Bon_Jovi	Have_a_Nice_Day_(Bon_Jovi_album)	Heavy metal	720
Bon_Jovi	Keep_the_Faith	Heavy metal	158
Bon_Jovi	Lost_Highway_(Bon_Jovi_album)	Heavy metal	351
Bon_Jovi	New_Jersey_(album)	Heavy metal	765
Bon_Jovi	Slippery_When_Wet	Heavy metal	223
Bon_Jovi	The_Circle_(Bon_Jovi_album)	Heavy metal	52
Bon_Jovi	These_Days_(Bon_Jovi_album)	Heavy metal	459
Britney_Spears	...Baby_One_More_Time_(album)	Pop	683
Britney_Spears	Circus_(Britney_Spears_album)	Pop	576
Britney_Spears	Glory_(Britney_Spears_album)	Pop	974
Bruce_Springsteen	Born_in_the_U.S.A.	Rock	304
Bruce_Springsteen	Born_to_Run	Rock	0
Bruce_Springsteen	Darkness_on_the_Edge_of_Town	Rock	948
Bruce_Springsteen	Devils_&_Dust	Rock	471
Bruce_Springsteen	Greetings_from_Asbury_Park,_N.J.	Rock	740
Bruce_Springsteen	Human_Touch	Rock	571
Bruce_Springsteen	Magic_(Bruce_Springsteen_album)	Rock	387
Bruce_Springsteen	Nebraska_(album)	Rock	11
Bruce_Springsteen	The_Ghost_of_Tom_Joad	Rock	963
Bruce_Springsteen	The_Rising_(album)	Rock	28
Bruce_Springsteen	The_River_(Bruce_Springsteen_album)	Rock	562
Bruce_Springsteen	The_Wild,_the_Innocent_&_the_E_Street_Shuffle	Rock	456
Bruce_Springsteen	Tunnel_of_Love_(album)	Rock	301
Bruce_Springsteen	Working_on_a_Dream	Rock	404
Bruce_Springsteen	Wrecking_Ball_(Bruce_Springsteen_album)	Rock	295
Bruno_Mars	24K_Magic_(album)	Pop	69
Bruno_Mars	Doo-Wops_&_Hooligans	Pop	63
Bruno_Mars	Unorthodox_Jukebox	Pop	345
Bryan_Adams	11_(Bryan_Adams_album)	Pop	47
Bryan_Adams	18_til_I_Die	Pop	813
Bryan_Adams	Cuts_Like_a_Knife	Pop	887
Bryan_Adams	Into_the_Fire_(album)	Pop	446
Bryan_Adams	MTV_Unplugged_(Bryan_Adams_album)	Pop	152
Bryan_Adams	On_a_Day_Like_Today_(album)	Pop	710
Bryan_Adams	Reckless_(Bryan_Adams_album)	Pop	888
Bryan_Adams	Room_Service_(Bryan_Adams_album)	Pop	159
Bryan_Adams	So_Far_So_Good_(Bryan_Adams_album)	Pop	925
Bryan_Adams	Spirit:_Stallion_of_the_Cimarron_(soundtrack)	Pop	956
Bryan_Adams	The_Best_of_Me_(Bryan_Adams_album)	Pop	43
Bryan_Adams	Waking_Up_the_Neighbours	Pop	20
Celine_Dion	1_fille_&_4_types	Pop	958
Celine_Dion	Encore_un_soir_(album)	Pop	525
Celine_Dion	Miracle_(Celine_Dion_album)	Pop	680
Cher	All_I_Really_Want_to_Do_(album)	Pop	897
Cher	Cher_(1987_album)	Pop	847
Cher	Foxy_Lady_(Cher_album)	Pop	24
Cher	Heart_of_Stone_(Cher_album)	Pop	646
ABBA	ABBA_(album)	Pop	348
ABBA	ABBA:_The_Album	Pop	316
ABBA	Arrival_(ABBA_album)	Pop	630
ABBA	Greatest_Hits_(ABBA_album)	Pop	692
ABBA	Greatest_Hits_Vol._2_(ABBA_album)	Pop	173
ABBA	Ring_Ring_(album)	Pop	198
ABBA	Super_Trouper_(album)	Pop	62
ABBA	Thank_You_for_the_Music_(album)	Pop	904
ABBA	Thank_You_for_the_Music_(box_set)	Pop	716
ABBA	The_Singles:_The_First_Ten_Years	Pop	17
ABBA	The_Visitors_(ABBA_album)	Pop	636
ABBA	Voulez-Vous	Pop	559
ABBA	Waterloo_(album)	Pop	513
Adele	19_(Adele_album)	Pop	990
Adele	21_(Adele_album)	Pop	663
Adele	25_(Adele_album)	Pop	573
Aerosmith	Aerosmith_(album)	Rock	415
Aerosmith	Big_Ones	Rock	92
Aerosmith	Devil's_Got_a_New_Disguise:_The_Very_Best_of_Aerosmith	Rock	608
Aerosmith	Done_with_Mirrors	Rock	886
Aerosmith	Draw_the_Line_(Aerosmith_album)	Rock	433
Aerosmith	Get_a_Grip	Rock	476
Aerosmith	Get_Your_Wings	Rock	679
Aerosmith	Just_Push_Play	Rock	451
Aerosmith	Music_from_Another_Dimension!	Rock	143
Aerosmith	Night_in_the_Ruts	Rock	929
Aerosmith	Nine_Lives_(Aerosmith_album)	Rock	761
Aerosmith	O,_Yeah!_Ultimate_Aerosmith_Hits	Rock	219
Aerosmith	Permanent_Vacation_(album)	Rock	654
Aerosmith	Pump_(album)	Rock	235
Aerosmith	Rock_in_a_Hard_Place	Rock	903
Aerosmith	Rocks_(Aerosmith_album)	Rock	432
Aerosmith	Toys_in_the_Attic_(album)	Rock	814
Alabama_(band)	40-Hour_Week	Country	310
Alabama_(band)	Cheap_Seats_(album)	Country	896
Alabama_(band)	Dancin'_on_the_Boulevard	Country	803
Alabama_(band)	Feels_So_Right	Country	548
Alabama_(band)	For_the_Record	Country	680
Alabama_(band)	Mountain_Music_(album)	Country	823
Alabama_(band)	My_Home's_in_Alabama	Country	638
Alabama_(band)	Pass_It_On_Down_(Alabama_album)	Country	960
Alabama_(band)	Roll_On_(Alabama_album)	Country	456
Alabama_(band)	Twentieth_Century_(Alabama_album)	Country	834
Aretha_Franklin	Aretha_Now	Pop	797
Aretha_Franklin	Aretha:_With_The_Ray_Bryant_Combo	Pop	111
Aretha_Franklin	Hey_Now_Hey_(The_Other_Side_of_the_Sky)	Pop	229
Aretha_Franklin	I_Never_Loved_a_Man_the_Way_I_Love_You	Pop	858
Aretha_Franklin	Lady_Soul	Pop	436
Aretha_Franklin	Let_Me_in_Your_Life	Pop	177
Aretha_Franklin	Spirit_in_the_Dark	Pop	436
Aretha_Franklin	This_Girl's_in_Love_with_You	Pop	347
Aretha_Franklin	Young,_Gifted_and_Black	Pop	846
Ayumi_Hamasaki	(Miss)understood	Pop	49
Ayumi_Hamasaki	A_Best	Pop	601
Ayumi_Hamasaki	A_Complete:_All_Singles	Pop	681
Ayumi_Hamasaki	A_Song_for_××	Pop	357
Ayumi_Hamasaki	A_Summer_Best	Pop	290
Ayumi_Hamasaki	Colours_(Ayumi_Hamasaki_album)	Pop	530
Ayumi_Hamasaki	Duty_(album)	Pop	343
Ayumi_Hamasaki	Five_(EP)	Pop	173
Ayumi_Hamasaki	Guilty_(Ayumi_Hamasaki_album)	Pop	767
Ayumi_Hamasaki	I_Am..._(Ayumi_Hamasaki_album)	Pop	961
Ayumi_Hamasaki	Love_Again_(Ayumi_Hamasaki_album)	Pop	513
Ayumi_Hamasaki	Love_Songs_(Ayumi_Hamasaki_album)	Pop	223
Ayumi_Hamasaki	Loveppears	Pop	201
Ayumi_Hamasaki	Memorial_Address	Pop	404
Ayumi_Hamasaki	My_Story_(Ayumi_Hamasaki_album)	Pop	313
Ayumi_Hamasaki	Next_Level_(Ayumi_Hamasaki_album)	Pop	612
Ayumi_Hamasaki	Party_Queen	Pop	359
Ayumi_Hamasaki	Rainbow_(Ayumi_Hamasaki_album)	Pop	894
Ayumi_Hamasaki	Rock_'n'_Roll_Circus	Pop	530
Ayumi_Hamasaki	Secret_(Ayumi_Hamasaki_album)	Pop	988
Backstreet_Boys	Backstreet_Boys_(1997_album)	Pop	585
Backstreet_Boys	Millennium_(Backstreet_Boys_album)	Pop	181
Backstreet_Boys	Never_Gone	Pop	281
Barbra_Streisand	Emotion_(Barbra_Streisand_album)	Pop	222
Barbra_Streisand	Guilty_(Barbra_Streisand_album)	Pop	891
Barbra_Streisand	Higher_Ground_(Barbra_Streisand_album)	Pop	417
Barbra_Streisand	The_Barbra_Streisand_Album	Pop	742
Barry_Manilow	Barry_(album)	Pop	108
Barry_Manilow	Barry_Manilow_(1973_album)	Pop	905
Barry_Manilow	Barry_Manilow_II	Pop	771
Barry_Manilow	One_Voice_(Barry_Manilow_album)	Pop	775
Barry_Manilow	Tryin'_to_Get_the_Feeling	Pop	408
Barry_White	Can't_Get_Enough_(Barry_White_album)	Funk	546
Barry_White	I've_Got_So_Much_to_Give_(album)	Funk	516
Barry_White	Just_Another_Way_to_Say_I_Love_You	Funk	990
Barry_White	Let_the_Music_Play_(Barry_White_album)	Funk	455
Barry_White	Stone_Gon'	Funk	403
Bee_Gees	Bee_Gees'_1st	Pop	40
Bee_Gees	Children_of_the_World	Pop	568
Bee_Gees	High_Civilization	Pop	704
Bee_Gees	Life_in_a_Tin_Can	Pop	470
Bee_Gees	Mr._Natural_(Bee_Gees_album)	Pop	921
Bee_Gees	Odessa_(Bee_Gees_album)	Pop	929
Bee_Gees	One_(Bee_Gees_album)	Pop	70
Bee_Gees	Size_Isn't_Everything	Pop	48
Bee_Gees	Spirits_Having_Flown	Pop	685
Bee_Gees	Still_Waters_(Bee_Gees_album)	Pop	186
Bee_Gees	Their_Greatest_Hits:_The_Record	Pop	630
Garth_Brooks	Garth_Brooks_(album)	Country	352
Garth_Brooks	Greatest_Hits_(Chris_Gaines_album)	Country	97
Garth_Brooks	In_Pieces	Country	133
Garth_Brooks	No_Fences	Country	285
Garth_Brooks	Ropin'_the_Wind	Country	592
Garth_Brooks	Scarecrow_(Garth_Brooks_album)	Country	896
Garth_Brooks	Sevens_(album)	Country	452
Garth_Brooks	The_Chase_(Garth_Brooks_album)	Country	275
Garth_Brooks	The_Ultimate_Hits	Country	78
Genesis_(band)	...And_Then_There_Were_Three...	Rock	668
Genesis_(band)	A_Trick_of_the_Tail	Rock	692
Genesis_(band)	Abacab	Rock	5
Genesis_(band)	Duke_(album)	Rock	207
Genesis_(band)	Foxtrot_(album)	Rock	166
Genesis_(band)	From_Genesis_to_Revelation	Rock	548
Genesis_(band)	Genesis_(Genesis_album)	Rock	532
Genesis_(band)	Invisible_Touch	Rock	20
Genesis_(band)	Nursery_Cryme	Rock	757
Genesis_(band)	The_Lamb_Lies_Down_on_Broadway	Rock	939
Genesis_(band)	Trespass_(album)	Rock	173
Genesis_(band)	Turn_It_On_Again:_The_Hits	Rock	383
Genesis_(band)	We_Can't_Dance	Rock	832
George_Michael	Faith_(George_Michael_album)	Pop	377
George_Michael	Five_Live_(George_Michael_and_Queen_EP)	Pop	128
George_Michael	Ladies_&_Gentlemen:_The_Best_of_George_Michael	Pop	771
George_Michael	Listen_Without_Prejudice_Vol._1	Pop	949
George_Michael	Older_(album)	Pop	189
George_Michael	Patience_(George_Michael_album)	Pop	726
George_Michael	Twenty_Five_(album)	Pop	17
George_Strait	50_Number_Ones	Country	211
George_Strait	7_(George_Strait_album)	Country	200
George_Strait	Always_Never_the_Same_(George_Strait_album)	Country	871
George_Strait	Beyond_the_Blue_Neon	Country	399
George_Strait	Blue_Clear_Sky	Country	866
George_Strait	Carrying_Your_Love_with_Me	Country	597
George_Strait	Chill_of_an_Early_Fall	Country	546
George_Strait	Cold_Beer_Conversation	Country	904
George_Strait	Does_Fort_Worth_Ever_Cross_Your_Mind	Country	416
George_Strait	George_Strait_(album)	Country	826
George_Strait	Here_for_a_Good_Time	Country	768
George_Strait	Holding_My_Own	Country	531
George_Strait	Honkytonkville	Country	567
George_Strait	It_Just_Comes_Natural	Country	543
George_Strait	Latest_Greatest_Straitest_Hits	Country	223
George_Strait	Lead_On	Country	65
George_Strait	Livin'_It_Up_(album)	Country	208
George_Strait	Love_Is_Everything_(George_Strait_album)	Country	838
George_Strait	Ocean_Front_Property	Country	928
George_Strait	One_Step_at_a_Time_(George_Strait_album)	Country	836
George_Strait	Right_or_Wrong_(George_Strait_album)	Country	243
George_Strait	Something_Special_(George_Strait_album)	Country	154
George_Strait	Somewhere_Down_in_Texas	Country	637
George_Strait	Strait_Out_of_the_Box	Country	588
George_Strait	The_Road_Less_Traveled_(George_Strait_album)	Country	471
George_Strait	Troubadour_(George_Strait_album)	Country	632
George_Strait	Twang_(album)	Country	407
James_Taylor	Gorilla_(James_Taylor_album)	Rock	731
James_Taylor	James_Taylor_(album)	Rock	945
James_Taylor	Mud_Slide_Slim_and_the_Blue_Horizon	Rock	845
James_Taylor	One_Man_Dog	Rock	670
Janet_Jackson	20_Y.O.	Pop	953
Janet_Jackson	All_for_You_(Janet_Jackson_album)	Pop	173
Janet_Jackson	Control_(Janet_Jackson_album)	Pop	249
Janet_Jackson	Damita_Jo_(album)	Pop	410
Janet_Jackson	Dream_Street_(Janet_Jackson_album)	Pop	352
Janet_Jackson	Janet_(album)	Pop	295
Janet_Jackson	Janet_Jackson_(album)	Pop	14
Janet_Jackson	Janet_Jackson's_Rhythm_Nation_1814	Pop	558
Janet_Jackson	The_Velvet_Rope	Pop	2
Janet_Jackson	Unbreakable_(Janet_Jackson_album)	Pop	896
Jay-Z	American_Gangster_(album)	Hip hop	272
Jay-Z	Collision_Course_(album)	Hip hop	500
Jay-Z	In_My_Lifetime,_Vol._1	Hip hop	146
Jay-Z	Kingdom_Come_(Jay-Z_album)	Hip hop	426
Jay-Z	Reasonable_Doubt_(album)	Hip hop	264
Jay-Z	Streets_Is_Watching_(soundtrack)	Hip hop	692
Jay-Z	The_Blueprint_3	Hip hop	16
Jay-Z	The_Dynasty:_Roc_La_Familia	Hip hop	296
Jay-Z	Vol._2..._Hard_Knock_Life	Hip hop	279
Jay-Z	Vol._3..._Life_and_Times_of_S._Carter	Hip hop	735
Johnny_Cash	American_III:_Solitary_Man	Country	604
Johnny_Cash	American_IV:_The_Man_Comes_Around	Country	602
Johnny_Cash	At_San_Quentin	Country	783
Johnny_Cash	Class_of_'55	Country	881
Johnny_Cash	Unchained_(Johnny_Cash_album)	Country	584
Journey_(band)	Departure_(Journey_album)	Rock	70
Journey_(band)	Escape_(Journey_album)	Rock	622
Journey_(band)	Evolution_(Journey_album)	Rock	894
Journey_(band)	Frontiers_(Journey_album)	Rock	995
Journey_(band)	Infinity_(Journey_album)	Rock	262
Journey_(band)	Journey_(Journey_album)	Rock	758
Journey_(band)	Raised_on_Radio	Rock	381
Journey_(band)	Revelation_(Journey_album)	Rock	200
Journey_(band)	Trial_by_Fire_(Journey_album)	Rock	311
Justin_Bieber	Believe_(Justin_Bieber_album)	Pop	513
Justin_Bieber	My_World_(EP)	Pop	186
Justin_Bieber	My_World_2.0	Pop	132
Justin_Bieber	My_Worlds_Acoustic	Pop	439
Justin_Bieber	Under_the_Mistletoe	Pop	962
Kanye_West	808s_&_Heartbreak	Hip hop	216
Tupac_Shakur	The_Don_Killuminati:_The_7_Day_Theory	Hip hop	790
Tupac_Shakur	Tupac:_Resurrection_(soundtrack)	Hip hop	308
Tupac_Shakur	Until_the_End_of_Time_(Tupac_Shakur_album)	Hip hop	694
U2	Achtung_Baby	Rock	123
U2	All_That_You_Can't_Leave_Behind	Rock	515
U2	Boy_(album)	Rock	797
U2	How_to_Dismantle_an_Atomic_Bomb	Rock	874
U2	No_Line_on_the_Horizon	Rock	571
U2	October_(U2_album)	Rock	601
U2	Pop_(U2_album)	Rock	177
U2	Rattle_and_Hum	Rock	181
U2	Songs_of_Innocence_(U2_album)	Rock	454
U2	The_Joshua_Tree	Rock	393
U2	The_Unforgettable_Fire	Rock	742
U2	U218_Singles	Rock	987
U2	War_(U2_album)	Rock	306
U2	Zooropa	Rock	148
Usher_(singer)	Hard_II_Love	Hip hop	892
Usher_(singer)	Looking_4_Myself	Hip hop	839
Usher_(singer)	Versus_(EP)	Hip hop	322
Van_Halen	1984_(Van_Halen_album)	Heavy metal	578
Van_Halen	5150_(album)	Heavy metal	340
Van_Halen	A_Different_Kind_of_Truth	Heavy metal	152
Van_Halen	Balance_(Van_Halen_album)	Heavy metal	863
Van_Halen	Diver_Down	Heavy metal	164
Van_Halen	Fair_Warning_(Van_Halen_album)	Heavy metal	579
Van_Halen	For_Unlawful_Carnal_Knowledge	Heavy metal	791
Van_Halen	OU812	Heavy metal	56
Van_Halen	Van_Halen_(album)	Heavy metal	75
Van_Halen	Van_Halen_II	Heavy metal	13
Van_Halen	Van_Halen_III	Heavy metal	117
Van_Halen	Women_and_Children_First	Heavy metal	110
Whitney_Houston	I_Look_to_You	Pop	729
Whitney_Houston	I'm_Your_Baby_Tonight	Pop	167
Whitney_Houston	Just_Whitney	Pop	924
Whitney_Houston	My_Love_Is_Your_Love	Pop	266
Whitney_Houston	One_Wish:_The_Holiday_Album	Pop	833
Whitney_Houston	The_Bodyguard_(soundtrack)	Pop	229
Whitney_Houston	Whitney_(album)	Pop	621
Eagles_(band)	Desperado_(Eagles_album)	Rock	902
Eagles_(band)	Eagles_(album)	Rock	44
Eagles_(band)	Eagles_Live	Rock	742
Eagles_(band)	Hell_Freezes_Over	Rock	977
Eagles_(band)	Hotel_California_(Eagles_album)	Rock	129
Eagles_(band)	Long_Road_Out_of_Eden	Rock	203
Eagles_(band)	On_the_Border	Rock	670
Eagles_(band)	One_of_These_Nights	Rock	673
Eagles_(band)	The_Long_Run_(Eagles_album)	Rock	400
Eagles_(band)	The_Very_Best_Of_(Eagles_album)	Rock	518
Ed_Sheeran	+_(Ed_Sheeran_album)	Pop	201
Ed_Sheeran	X_(Ed_Sheeran_album)	Pop	986
Elton_John	21_at_33	Pop	52
Elton_John	A_Single_Man_(album)	Pop	895
Elton_John	Blue_Moves	Pop	589
Elton_John	Breaking_Hearts	Pop	904
Elton_John	Captain_Fantastic_and_the_Brown_Dirt_Cowboy	Pop	418
Elton_John	Caribou_(album)	Pop	124
Elton_John	Don't_Shoot_Me_I'm_Only_the_Piano_Player	Pop	62
Elton_John	Elton_John_(album)	Pop	77
Elton_John	Friends_(film_soundtrack)	Pop	107
Elton_John	Goodbye_Yellow_Brick_Road	Pop	526
Elton_John	Honky_Château	Pop	335
Elton_John	Ice_on_Fire	Pop	115
Elton_John	Jump_Up!_(Elton_John_album)	Pop	360
Elton_John	Love_Songs_(Elton_John_album)	Pop	208
Elton_John	Madman_Across_the_Water	Pop	513
Elton_John	Peachtree_Road_(album)	Pop	857
Elton_John	Reg_Strikes_Back	Pop	896
Elton_John	Rock_of_the_Westies	Pop	57
Elton_John	Sleeping_with_the_Past	Pop	276
Elton_John	Songs_from_the_West_Coast	Pop	402
Elton_John	The_Big_Picture_(Elton_John_album)	Pop	506
Elton_John	The_Captain_&_the_Kid	Pop	196
Elton_John	The_Lion_King_(soundtrack)	Pop	59
Elton_John	The_One_(Elton_John_album)	Pop	928
Elton_John	The_Very_Best_of_Elton_John	Pop	774
Elton_John	Too_Low_for_Zero	Pop	688
Elton_John	Tumbleweed_Connection	Pop	566
Elvis_Presley	50,000,000_Elvis_Fans_Can't_Be_Wrong	Rock	480
Elvis_Presley	A_Date_with_Elvis	Rock	690
Elvis_Presley	Blue_Hawaii_(Elvis_Presley_album)	Rock	892
Elvis_Presley	ELV1S	Rock	366
Elvis_Presley	Elvis_(1956_album)	Rock	252
Elvis_Presley	Elvis_Is_Back!	Rock	566
Elvis_Presley	Elvis_Presley_(album)	Rock	44
Elvis_Presley	Elvis_sings_The_Wonderful_World_of_Christmas	Rock	520
Elvis_Presley	Elvis'_Christmas_Album	Rock	97
Elvis_Presley	For_LP_Fans_Only	Rock	672
Elvis_Presley	From_Elvis_in_Memphis	Rock	300
Elvis_Presley	Girl_Happy_(album)	Rock	137
Elvis_Presley	Good_Times_(Elvis_Presley_album)	Rock	389
Elvis_Presley	Loving_You_(album)	Rock	203
Elvis_Presley	Pot_Luck_(Elvis_Presley_album)	Rock	688
Elvis_Presley	That's_the_Way_It_Is_(Elvis_Presley_album)	Rock	527
Elvis_Presley	The_Sun_Sessions	Rock	657
Elvis_Presley	Today_(Elvis_Presley_album)	Rock	708
Eminem	Encore_(Eminem_album)	Hip hop	174
Eminem	Recovery_(Eminem_album)	Hip hop	132
Eminem	Relapse_(Eminem_album)	Hip hop	849
Eminem	Slim_Shady_EP	Hip hop	941
Eminem	The_Marshall_Mathers_LP	Hip hop	307
Eminem	The_Marshall_Mathers_LP_2	Hip hop	754
Eminem	The_Slim_Shady_LP	Hip hop	436
Enya	A_Day_Without_Rain	New age	131
Enya	Amarantine_(album)	New age	724
Enya	Dark_Sky_Island	New age	669
Enya	Paint_the_Sky_with_Stars	New age	80
Enya	Shepherd_Moons	New age	59
Enya	The_Memory_of_Trees	New age	121
Enya	Watermark_(Enya_album)	New age	102
Fleetwood_Mac	Behind_the_Mask_(album)	Rock	15
Fleetwood_Mac	Extended_Play_(Fleetwood_Mac_EP)	Rock	963
Fleetwood_Mac	Fleetwood_Mac_(1975_album)	Rock	183
Fleetwood_Mac	Kiln_House	Rock	213
Fleetwood_Mac	Mirage_(Fleetwood_Mac_album)	Rock	822
Fleetwood_Mac	Mystery_to_Me	Rock	204
Fleetwood_Mac	Rumours_(album)	Rock	338
Fleetwood_Mac	Say_You_Will_(album)	Rock	134
Fleetwood_Mac	Tango_in_the_Night	Rock	818
Fleetwood_Mac	The_Dance_(Fleetwood_Mac_album)	Rock	850
Fleetwood_Mac	Then_Play_On	Rock	164
Fleetwood_Mac	Time_(Fleetwood_Mac_album)	Rock	891
Fleetwood_Mac	Tusk_(album)	Rock	851
Flo_Rida	Mail_on_Sunday_(album)	Hip hop	798
Flo_Rida	Only_One_Flo_(Part_1)	Hip hop	710
Flo_Rida	R.O.O.T.S.	Hip hop	954
Flo_Rida	Wild_Ones_(Flo_Rida_album)	Hip hop	875
Foreigner_(band)	4_(Foreigner_album)	Rock	848
Foreigner_(band)	Agent_Provocateur_(album)	Rock	4
Foreigner_(band)	Double_Vision_(Foreigner_album)	Rock	39
Foreigner_(band)	Foreigner_(Foreigner_album)	Rock	358
Foreigner_(band)	Head_Games	Rock	156
Foreigner_(band)	Inside_Information_(album)	Rock	532
Frank_Sinatra	A_Jolly_Christmas_from_Frank_Sinatra	Jazz	256
Frank_Sinatra	My_Way_(Frank_Sinatra_album)	Jazz	186
Frank_Sinatra	September_of_My_Years	Jazz	857
Frank_Sinatra	Strangers_in_the_Night_(Frank_Sinatra_album)	Jazz	544
Frank_Sinatra	Trilogy:_Past_Present_Future	Jazz	121
Garth_Brooks	Fresh_Horses_(album)	Country	466
Kanye_West	Can't_Tell_Me_Nothing_(mixtape)	Hip hop	234
Kanye_West	Late_Registration	Hip hop	616
Kanye_West	My_Beautiful_Dark_Twisted_Fantasy	Hip hop	16
Kanye_West	The_College_Dropout	Hip hop	335
Kanye_West	The_Life_of_Pablo	Hip hop	720
Kanye_West	Watch_the_Throne	Hip hop	16
Kanye_West	Yeezus	Hip hop	626
Katy_Perry	Teenage_Dream:_The_Complete_Confection	Pop	645
Kenny_G	At_Last...The_Duets_Album	Jazz	165
Kenny_G	Breathless_(Kenny_G_album)	Jazz	84
Kenny_G	Heart_and_Soul_(Kenny_G_album)	Jazz	554
Kenny_G	Kenny_G_Live	Jazz	203
Kenny_G	Silhouette_(album)	Jazz	296
Kenny_G	The_Moment_(Kenny_G_album)	Jazz	1
Kenny_Rogers	Eyes_That_See_in_the_Dark	Country	785
Kenny_Rogers	Greatest_Hits_(1980_Kenny_Rogers_album)	Country	19
Kenny_Rogers	She_Rides_Wild_Horses	Country	989
Kiss_(band)	Alive_II	Heavy metal	37
Kiss_(band)	Animalize	Heavy metal	930
Kiss_(band)	Asylum_(Kiss_album)	Heavy metal	937
Kiss_(band)	Crazy_Nights	Heavy metal	19
Kiss_(band)	Creatures_of_the_Night	Heavy metal	636
Kiss_(band)	Destroyer_(Kiss_album)	Heavy metal	203
Kiss_(band)	Dressed_to_Kill_(album)	Heavy metal	831
Kiss_(band)	Dynasty_(Kiss_album)	Heavy metal	242
Kiss_(band)	Hot_in_the_Shade	Heavy metal	412
Kiss_(band)	Lick_It_Up	Heavy metal	903
Kiss_(band)	Love_Gun	Heavy metal	535
Kiss_(band)	Monster_(Kiss_album)	Heavy metal	741
Kiss_(band)	Music_from_%22The_Elder%22	Heavy metal	516
Kiss_(band)	Psycho_Circus	Heavy metal	766
Kiss_(band)	Revenge_(Kiss_album)	Heavy metal	562
Kiss_(band)	Rock_and_Roll_Over	Heavy metal	318
Kiss_(band)	Sonic_Boom_(Kiss_album)	Heavy metal	596
Kiss_(band)	Unmasked_(Kiss_album)	Heavy metal	929
Lady_Gaga	Artpop	Pop	686
Lady_Gaga	Cheek_to_Cheek_(album)	Pop	894
Lady_Gaga	Joanne_(album)	Pop	981
Led_Zeppelin	BBC_Sessions_(Led_Zeppelin_album)	Rock	404
Led_Zeppelin	Coda_(album)	Rock	455
Led_Zeppelin	Houses_of_the_Holy	Rock	746
Led_Zeppelin	How_the_West_Was_Won_(Led_Zeppelin_album)	Rock	623
Led_Zeppelin	In_Through_the_Out_Door	Rock	904
Led_Zeppelin	Led_Zeppelin_(album)	Rock	734
Led_Zeppelin	Led_Zeppelin_Boxed_Set	Rock	255
Led_Zeppelin	Led_Zeppelin_Boxed_Set_2	Rock	727
Led_Zeppelin	Led_Zeppelin_Deluxe_Edition	Rock	569
Led_Zeppelin	Led_Zeppelin_II	Rock	463
Led_Zeppelin	Led_Zeppelin_III	Rock	820
Led_Zeppelin	Led_Zeppelin_IV	Rock	3
Led_Zeppelin	Physical_Graffiti	Rock	654
Led_Zeppelin	Presence_(album)	Rock	912
Lil_Wayne	500_Degreez	Hip hop	837
Lil_Wayne	I_Am_Not_a_Human_Being	Hip hop	938
Lil_Wayne	Like_Father,_Like_Son_(Birdman_and_Lil_Wayne_album)	Hip hop	526
Lil_Wayne	Rebirth_(Lil_Wayne_album)	Hip hop	852
Lil_Wayne	Tha_Block_Is_Hot	Hip hop	216
Lil_Wayne	Tha_Carter_III	Hip hop	514
Linda_Ronstadt	Living_in_the_USA	Pop	361
Linda_Ronstadt	Trio_(Dolly_Parton,_Linda_Ronstadt_and_Emmylou_Harris_album)	Pop	206
Linkin_Park	A_Thousand_Suns	Rock	717
Linkin_Park	Collision_Course_(album)	Rock	378
Linkin_Park	Hybrid_Theory	Rock	797
Linkin_Park	Living_Things_(Linkin_Park_album)	Rock	986
Linkin_Park	Meteora_(album)	Rock	521
Linkin_Park	Minutes_to_Midnight_(album)	Rock	516
Linkin_Park	The_Hunting_Party_(album)	Rock	421
Lionel_Richie	Back_to_Front_(Lionel_Richie_album)	Pop	487
Lionel_Richie	Can't_Slow_Down_(Lionel_Richie_album)	Pop	810
Lionel_Richie	Dancing_on_the_Ceiling	Pop	135
Lionel_Richie	Encore_(Lionel_Richie_album)	Pop	358
Lionel_Richie	Lionel_Richie_(album)	Pop	31
Lionel_Richie	Tuskegee_(album)	Pop	835
Madonna_(entertainer)	Bedtime_Stories_(Madonna_album)	Pop	604
Madonna_(entertainer)	Erotica_(Madonna_album)	Pop	451
Madonna_(entertainer)	Evita_(soundtrack)	Pop	793
Madonna_(entertainer)	Ray_of_Light	Pop	890
Mariah_Carey	Butterfly_(Mariah_Carey_album)	Pop	950
Mariah_Carey	Charmbracelet	Pop	449
Mariah_Carey	Daydream_(Mariah_Carey_album)	Pop	592
Mariah_Carey	E=MC²_(Mariah_Carey_album)	Pop	840
Mariah_Carey	Emotions_(Mariah_Carey_album)	Pop	674
Mariah_Carey	Glitter_(soundtrack)	Pop	416
Mariah_Carey	Greatest_Hits_(Mariah_Carey_album)	Pop	880
Mariah_Carey	Mariah_Carey_(album)	Pop	387
Mariah_Carey	Memoirs_of_an_Imperfect_Angel	Pop	340
Mariah_Carey	MTV_Unplugged_(Mariah_Carey_EP)	Pop	70
Mariah_Carey	Music_Box_(Mariah_Carey_album)	Pop	527
Mariah_Carey	Number_1's_(Mariah_Carey_album)	Pop	23
Mariah_Carey	Rainbow_(Mariah_Carey_album)	Pop	704
Mariah_Carey	The_Emancipation_of_Mimi	Pop	91
Mariah_Carey	The_Remixes_(Mariah_Carey_album)	Pop	436
Maroon_5	It_Won't_Be_Soon_Before_Long	Rock	748
Maroon_5	Songs_About_Jane	Rock	936
Meat_Loaf	Bat_Out_of_Hell	Rock	535
Meat_Loaf	Bat_Out_of_Hell_II:_Back_into_Hell	Rock	460
Meat_Loaf	Bat_Out_of_Hell_III:_The_Monster_Is_Loose	Rock	932
Meat_Loaf	Couldn't_Have_Said_It_Better	Rock	829
Meat_Loaf	Dead_Ringer_(album)	Rock	349
Meat_Loaf	Hang_Cool_Teddy_Bear	Rock	567
Prince_(musician)	Girl_6_(album)	Pop	394
Prince_(musician)	Graffiti_Bridge_(album)	Pop	750
Prince_(musician)	Love_Symbol_Album	Pop	669
Prince_(musician)	Lovesexy	Pop	720
Prince_(musician)	Musicology_(album)	Pop	655
Prince_(musician)	Parade_(Prince_album)	Pop	521
Prince_(musician)	Planet_Earth_(Prince_album)	Pop	983
Prince_(musician)	Prince_(album)	Pop	453
Prince_(musician)	Purple_Rain_(album)	Pop	560
Prince_(musician)	Rave_Un2_the_Joy_Fantastic	Pop	286
Prince_(musician)	Sign_o'_the_Times	Pop	499
Prince_(musician)	The_Beautiful_Experience	Pop	737
Prince_(musician)	The_Chocolate_Invasion	Pop	909
Prince_(musician)	The_Gold_Experience	Pop	946
Prince_(musician)	The_Rainbow_Children	Pop	35
Prince_(musician)	The_Vault:_Old_Friends_4_Sale	Pop	288
Queen_(band)	A_Day_at_the_Races_(album)	Rock	554
Queen_(band)	A_Kind_of_Magic	Rock	708
Queen_(band)	A_Night_at_the_Opera_(Queen_album)	Rock	531
Queen_(band)	Five_Live_(George_Michael_and_Queen_EP)	Rock	132
Queen_(band)	Flash_Gordon_(soundtrack)	Rock	412
Queen_(band)	Hot_Space	Rock	800
Queen_(band)	Innuendo_(album)	Rock	865
Queen_(band)	Jazz_(Queen_album)	Rock	898
Queen_(band)	News_of_the_World_(album)	Rock	221
Queen_(band)	Queen_(Queen_album)	Rock	504
Queen_(band)	Queen_Forever	Rock	972
Queen_(band)	Queen_II	Rock	7
Queen_(band)	Sheer_Heart_Attack	Rock	445
Queen_(band)	The_Game_(Queen_album)	Rock	208
Queen_(band)	The_Miracle_(album)	Rock	421
Queen_(band)	The_Works_(Queen_album)	Rock	647
R._Kelly	Black_Panties	Hip hop	639
R._Kelly	Born_into_the_90's	Hip hop	317
R._Kelly	Chocolate_Factory	Hip hop	485
R._Kelly	Epic_(R._Kelly_album)	Hip hop	197
R._Kelly	Happy_People/U_Saved_Me	Hip hop	759
R._Kelly	Love_Letter_(R._Kelly_album)	Hip hop	494
R._Kelly	R._(album)	Hip hop	443
R._Kelly	R._Kelly_(album)	Hip hop	530
R._Kelly	The_Buffet	Hip hop	344
R._Kelly	The_R._in_R&B_Collection,_Vol._1	Hip hop	916
R._Kelly	TP-2.com	Hip hop	328
R._Kelly	TP.3_Reloaded	Hip hop	480
R._Kelly	Untitled_(R._Kelly_album)	Hip hop	251
R._Kelly	Write_Me_Back	Hip hop	888
R.E.M.	Accelerate_(R.E.M._album)	Rock	560
R.E.M.	Around_the_Sun	Rock	565
R.E.M.	Automatic_for_the_People	Rock	617
R.E.M.	Chronic_Town	Rock	470
R.E.M.	Collapse_into_Now	Rock	974
R.E.M.	Dead_Letter_Office_(album)	Rock	999
R.E.M.	Document_(album)	Rock	50
R.E.M.	Fables_of_the_Reconstruction	Rock	481
R.E.M.	Green_(R.E.M._album)	Rock	521
R.E.M.	Lifes_Rich_Pageant	Rock	875
R.E.M.	Man_on_the_Moon_(soundtrack)	Rock	601
R.E.M.	Monster_(R.E.M._album)	Rock	587
R.E.M.	Murmur_(album)	Rock	563
R.E.M.	New_Adventures_in_Hi-Fi	Rock	409
R.E.M.	Out_of_Time_(album)	Rock	940
R.E.M.	Reckoning_(R.E.M._album)	Rock	16
R.E.M.	Reveal_(R.E.M._album)	Rock	15
R.E.M.	Up_(R.E.M._album)	Rock	78
Reba_McEntire	All_the_Women_I_Am	Country	315
Reba_McEntire	For_My_Broken_Heart	Country	793
Reba_McEntire	Greatest_Hits_Volume_III:_I'm_a_Survivor	Country	777
Reba_McEntire	Greatest_Hits_Volume_Two_(Reba_McEntire_album)	Country	488
Reba_McEntire	Have_I_Got_a_Deal_for_You	Country	269
Reba_McEntire	If_You_See_Him	Country	302
Reba_McEntire	It's_Your_Call	Country	816
Reba_McEntire	Keep_On_Loving_You_(album)	Country	880
Reba_McEntire	Love_Somebody_(album)	Country	817
Reba_McEntire	My_Kind_of_Country_(Reba_McEntire_album)	Country	407
Reba_McEntire	Read_My_Mind_(album)	Country	993
Reba_McEntire	Reba:_Duets	Country	228
Reba_McEntire	Room_to_Breathe_(Reba_McEntire_album)	Country	761
Reba_McEntire	Rumor_Has_It_(Reba_McEntire_album)	Country	334
Reba_McEntire	So_Good_Together	Country	216
Reba_McEntire	Starting_Over_(Reba_McEntire_album)	Country	981
Reba_McEntire	Sweet_Sixteen_(Reba_McEntire_album)	Country	77
Reba_McEntire	The_Last_One_to_Know	Country	991
Reba_McEntire	What_Am_I_Gonna_Do_About_You	Country	803
Reba_McEntire	What_If_It's_You	Country	662
Red_Hot_Chili_Peppers	Blood_Sugar_Sex_Magik	Rock	889
Red_Hot_Chili_Peppers	By_the_Way	Rock	445
Red_Hot_Chili_Peppers	Californication_(album)	Rock	973
Red_Hot_Chili_Peppers	Freaky_Styley	Rock	681
Red_Hot_Chili_Peppers	Greatest_Hits_(Red_Hot_Chili_Peppers_album)	Rock	326
Red_Hot_Chili_Peppers	I'm_with_You_(album)	Rock	828
Red_Hot_Chili_Peppers	Mother's_Milk	Rock	261
Red_Hot_Chili_Peppers	One_Hot_Minute	Rock	910
Red_Hot_Chili_Peppers	Stadium_Arcadium	Rock	717
Red_Hot_Chili_Peppers	The_Getaway_(Red_Hot_Chili_Peppers_album)	Rock	25
Red_Hot_Chili_Peppers	The_Red_Hot_Chili_Peppers_(album)	Rock	250
Red_Hot_Chili_Peppers	The_Uplift_Mofo_Party_Plan	Rock	824
Robbie_Williams	Greatest_Hits_(Robbie_Williams_album)	Pop	931
Robbie_Williams	Intensive_Care_(album)	Pop	109
Robbie_Williams	Life_thru_a_Lens	Pop	442
Robbie_Williams	Reality_Killed_the_Video_Star	Pop	231
Meat_Loaf	Welcome_to_the_Neighbourhood	Rock	372
Metallica	...And_Justice_for_All_(album)	Heavy metal	661
Metallica	Death_Magnetic	Heavy metal	261
Metallica	Garage_Inc.	Heavy metal	946
Metallica	Hardwired..._to_Self-Destruct	Heavy metal	71
Metallica	Load_(album)	Heavy metal	773
Metallica	Lulu_(Lou_Reed_and_Metallica_album)	Heavy metal	168
Metallica	Master_of_Puppets	Heavy metal	50
Metallica	Metallica_(album)	Heavy metal	562
Metallica	Reload_(Metallica_album)	Heavy metal	736
Metallica	Ride_the_Lightning	Heavy metal	599
Metallica	St._Anger	Heavy metal	754
Metallica	The_$5.98_E.P.:_Garage_Days_Re-Revisited	Heavy metal	754
Michael_Jackson	Bad_(album)	Pop	201
Michael_Jackson	Ben_(album)	Pop	994
Michael_Jackson	Blood_on_the_Dance_Floor:_HIStory_in_the_Mix	Pop	245
Michael_Jackson	Dangerous_(Michael_Jackson_album)	Pop	788
Michael_Jackson	Forever,_Michael	Pop	814
Michael_Jackson	Got_to_Be_There	Pop	470
Michael_Jackson	HIStory:_Past,_Present_and_Future,_Book_I	Pop	336
Michael_Jackson	Immortal_(Michael_Jackson_album)	Pop	962
Michael_Jackson	Invincible_(Michael_Jackson_album)	Pop	190
Michael_Jackson	Michael_Jackson's_This_Is_It_(album)	Pop	812
Michael_Jackson	Music_&_Me	Pop	171
Michael_Jackson	Number_Ones_(Michael_Jackson_album)	Pop	174
Michael_Jackson	The_Ultimate_Collection_(Michael_Jackson_album)	Pop	384
Michael_Jackson	The_Wiz_(soundtrack)	Pop	310
Michael_Jackson	Thriller_(Michael_Jackson_album)	Pop	702
Michael_Jackson	Thriller_25	Pop	948
Neil_Diamond	Velvet_Gloves_and_Spit	Pop	912
Nicki_Minaj	The_Pinkprint	Pop	653
Nirvana_(band)	Bleach_(Nirvana_album)	Rock	198
Nirvana_(band)	In_Utero_(album)	Rock	65
Nirvana_(band)	MTV_Unplugged_in_New_York	Rock	764
Nirvana_(band)	Nevermind	Rock	494
Nirvana_(band)	Nirvana_(Nirvana_album)	Rock	554
Nirvana_(band)	With_the_Lights_Out	Rock	991
Olivia_Newton-John	2_(Olivia_Newton-John_album)	Pop	785
Olivia_Newton-John	Back_with_a_Heart	Pop	554
Olivia_Newton-John	Don't_Stop_Believin'_(album)	Pop	750
Olivia_Newton-John	Grease:_The_Original_Soundtrack_from_the_Motion_Picture	Pop	809
Olivia_Newton-John	Have_You_Never_Been_Mellow	Pop	248
Olivia_Newton-John	Physical_(album)	Pop	122
Paul_McCartney	All_the_Best!	Rock	418
Paul_McCartney	Chaos_and_Creation_in_the_Backyard	Rock	116
Paul_McCartney	Driving_Rain	Rock	467
Paul_McCartney	Flaming_Pie	Rock	569
Paul_McCartney	Flowers_in_the_Dirt	Rock	106
Paul_McCartney	Give_My_Regards_to_Broad_Street	Rock	376
Paul_McCartney	McCartney_(album)	Rock	793
Paul_McCartney	McCartney_II	Rock	104
Paul_McCartney	Memory_Almost_Full	Rock	490
Paul_McCartney	New_(album)	Rock	595
Paul_McCartney	Off_the_Ground	Rock	396
Paul_McCartney	Pipes_of_Peace	Rock	291
Paul_McCartney	Press_to_Play	Rock	471
Paul_McCartney	Ram_(album)	Rock	736
Paul_McCartney	Run_Devil_Run_(album)	Rock	841
Paul_McCartney	Tug_of_War_(Paul_McCartney_album)	Rock	13
Paul_McCartney	Unplugged_(The_Official_Bootleg)	Rock	860
Phil_Collins	...But_Seriously	Rock	240
Phil_Collins	Both_Sides	Rock	573
Phil_Collins	Brother_Bear_(soundtrack)	Rock	464
Phil_Collins	Dance_into_the_Light	Rock	57
Phil_Collins	Face_Value_(album)	Rock	143
Phil_Collins	Going_Back_(album)	Rock	57
Phil_Collins	Hello,_I_Must_Be_Going!_(album)	Rock	422
Phil_Collins	Hits_(Phil_Collins_album)	Rock	968
Phil_Collins	No_Jacket_Required	Rock	780
Phil_Collins	Serious_Hits..._Live!	Rock	540
Phil_Collins	Testify_(Phil_Collins_album)	Rock	549
Pink_(singer)	Can't_Take_Me_Home	Pop	197
Pink_(singer)	Missundaztood	Pop	746
Pink_Floyd	A_Momentary_Lapse_of_Reason	Rock	78
Pink_Floyd	A_Saucerful_of_Secrets	Rock	712
Pink_Floyd	Animals_(Pink_Floyd_album)	Rock	424
Pink_Floyd	Atom_Heart_Mother	Rock	868
Pink_Floyd	Meddle	Rock	726
Pink_Floyd	More_(soundtrack)	Rock	326
Pink_Floyd	Obscured_by_Clouds	Rock	730
Pink_Floyd	Relics_(album)	Rock	178
Pink_Floyd	The_Dark_Side_of_the_Moon	Rock	578
Pink_Floyd	The_Division_Bell	Rock	570
Pink_Floyd	The_Final_Cut_(album)	Rock	590
Pink_Floyd	The_Piper_at_the_Gates_of_Dawn	Rock	488
Pink_Floyd	The_Wall	Rock	617
Pink_Floyd	Ummagumma	Rock	895
Pink_Floyd	Wish_You_Were_Here_(Pink_Floyd_album)	Rock	166
Prince_(musician)	1999_(Prince_album)	Pop	41
Prince_(musician)	Around_the_World_in_a_Day	Pop	213
Prince_(musician)	Art_Official_Age	Pop	632
Prince_(musician)	Batman_(album)	Pop	521
Prince_(musician)	Chaos_and_Disorder	Pop	803
Prince_(musician)	Come_(Prince_album)	Pop	435
Prince_(musician)	Controversy_(Prince_album)	Pop	660
Prince_(musician)	Crystal_Ball_(box_set)	Pop	391
Prince_(musician)	Diamonds_and_Pearls	Pop	447
Prince_(musician)	Dirty_Mind	Pop	272
Prince_(musician)	Emancipation_(Prince_album)	Pop	28
Prince_(musician)	For_You_(Prince_album)	Pop	178
Robbie_Williams	Rudebox	Pop	733
Robbie_Williams	Swing_When_You're_Winning	Pop	271
Robbie_Williams	Take_the_Crown_(album)	Pop	159
Rod_Stewart	A_Night_on_the_Town_(Rod_Stewart_album)	Rock	908
Rod_Stewart	Another_Country_(Rod_Stewart_album)	Rock	9
Rod_Stewart	As_Time_Goes_By:_The_Great_American_Songbook,_Volume_II	Rock	81
Rod_Stewart	Atlantic_Crossing	Rock	758
Rod_Stewart	Blondes_Have_More_Fun	Rock	9
Rod_Stewart	Body_Wishes	Rock	792
Rod_Stewart	Camouflage_(Rod_Stewart_album)	Rock	853
Rod_Stewart	Every_Beat_of_My_Heart_(Rod_Stewart_album)	Rock	814
Rod_Stewart	Foot_Loose_&_Fancy_Free	Rock	864
Rod_Stewart	Lead_Vocalist_(album)	Rock	972
Rod_Stewart	Never_a_Dull_Moment_(Rod_Stewart_album)	Rock	509
Rod_Stewart	Out_of_Order_(Rod_Stewart_album)	Rock	171
Rod_Stewart	Smiler_(album)	Rock	309
Rod_Stewart	Tonight_I'm_Yours	Rock	976
Rod_Stewart	Vagabond_Heart	Rock	414
Santana_(band)	Amigos_(Santana_album)	Rock	981
Santana_(band)	Shaman_(album)	Rock	388
Santana_(band)	Supernatural_(Santana_album)	Rock	366
Santana_(band)	Ultimate_Santana	Rock	105
Shania_Twain	Greatest_Hits_(Shania_Twain_album)	Country	969
Shania_Twain	Shania_Twain_(album)	Country	962
Shania_Twain	The_Woman_in_Me_(Shania_Twain_album)	Country	725
Stevie_Wonder	A_Time_to_Love_(album)	Pop	316
Stevie_Wonder	Characters_(Stevie_Wonder_album)	Pop	863
Stevie_Wonder	Conversation_Peace	Pop	965
Stevie_Wonder	Down_to_Earth_(Stevie_Wonder_album)	Pop	353
Stevie_Wonder	Fulfillingness'_First_Finale	Pop	711
Stevie_Wonder	Hotter_than_July	Pop	504
Stevie_Wonder	I_Was_Made_to_Love_Her_(album)	Pop	455
Stevie_Wonder	In_Square_Circle	Pop	262
Stevie_Wonder	Innervisions	Pop	410
Stevie_Wonder	Music_of_My_Mind	Pop	165
Stevie_Wonder	My_Cherie_Amour_(album)	Pop	871
Stevie_Wonder	Signed,_Sealed_&_Delivered	Pop	186
Stevie_Wonder	Songs_in_the_Key_of_Life	Pop	603
Stevie_Wonder	Stevie_Wonder's_Journey_Through_%22The_Secret_Life_of_Plants%22	Pop	305
Stevie_Wonder	Stevie_Wonder's_Original_Musiquarium_I	Pop	299
Stevie_Wonder	Talking_Book	Pop	831
Stevie_Wonder	The_Woman_in_Red_(soundtrack)	Pop	294
Stevie_Wonder	Up-Tight	Pop	564
Stevie_Wonder	Where_I'm_Coming_From	Pop	918
Taylor_Swift	1989_(Taylor_Swift_album)	Pop	420
Taylor_Swift	Fearless_(Taylor_Swift_album)	Pop	483
Taylor_Swift	Red_(Taylor_Swift_album)	Pop	84
Taylor_Swift	Speak_Now	Pop	216
Taylor_Swift	Taylor_Swift_(album)	Pop	614
The_Beach_Boys	15_Big_Ones	Rock	921
The_Beach_Boys	All_Summer_Long_(album)	Rock	358
The_Beach_Boys	Beach_Boys'_Party!	Rock	4
The_Beach_Boys	Friends_(The_Beach_Boys_album)	Rock	307
The_Beach_Boys	Hawthorne,_CA_(album)	Rock	877
The_Beach_Boys	Holland_(album)	Rock	674
The_Beach_Boys	Keepin'_the_Summer_Alive	Rock	750
The_Beach_Boys	L.A._(Light_Album)	Rock	387
The_Beach_Boys	Little_Deuce_Coupe	Rock	255
The_Beach_Boys	M.I.U._Album	Rock	880
The_Beach_Boys	Made_in_U.S.A._(The_Beach_Boys_album)	Rock	240
The_Beach_Boys	Pet_Sounds	Rock	519
The_Beach_Boys	Shut_Down_Volume_2	Rock	779
The_Beach_Boys	Smiley_Smile	Rock	636
The_Beach_Boys	Still_Cruisin'	Rock	149
The_Beach_Boys	Summer_Days_(And_Summer_Nights!!)	Rock	170
The_Beach_Boys	Summer_in_Paradise	Rock	905
The_Beach_Boys	Sunflower_(The_Beach_Boys_album)	Rock	538
The_Beach_Boys	Surf's_Up_(album)	Rock	630
The_Beach_Boys	Surfer_Girl	Rock	617
The_Beach_Boys	Surfin'_Safari	Rock	578
The_Beach_Boys	Surfin'_U.S.A.	Rock	500
The_Beach_Boys	That's_Why_God_Made_the_Radio	Rock	675
The_Beach_Boys	The_Beach_Boys_(album)	Rock	424
The_Beach_Boys	The_Beach_Boys_Today!	Rock	935
The_Beach_Boys	The_Beach_Boys'_Christmas_Album	Rock	563
The_Beach_Boys	The_Smile_Sessions	Rock	598
The_Beach_Boys	Wild_Honey_(album)	Rock	924
The_Beatles	A_Hard_Day's_Night_(album)	Rock	606
The_Beatles	Abbey_Road	Rock	861
The_Beatles	Anthology_1	Rock	700
The_Beatles	Anthology_2	Rock	583
The_Beatles	Anthology_3	Rock	287
The_Beatles	Beatles_'65	Rock	825
The_Beatles	Beatles_for_Sale	Rock	817
The_Beatles	Beatles_VI	Rock	715
The_Beatles	Help!_(album)	Rock	869
The_Beatles	Introducing..._The_Beatles	Rock	815
The_Beatles	Let_It_Be	Rock	230
The_Beatles	Live_at_the_BBC_(Beatles_album)	Rock	936
The_Beatles	Long_Tall_Sally_(EP)	Rock	519
The_Beatles	Magical_Mystery_Tour	Rock	310
The_Beatles	Meet_the_Beatles!	Rock	141
The_Beatles	Please_Please_Me	Rock	877
The_Beatles	Revolver_(Beatles_album)	Rock	762
The_Beatles	Rock_'n'_Roll_Music_(album)	Rock	435
The_Beatles	Rubber_Soul	Rock	730
The_Beatles	Sgt._Pepper's_Lonely_Hearts_Club_Band	Rock	173
The_Beatles	Something_New_(album)	Rock	780
The_Beatles	The_Beatles_(album)	Rock	103
The_Beatles	The_Beatles_Bootleg_Recordings_1963	Rock	611
The_Beatles	The_Beatles'_Second_Album	Rock	457
The_Beatles	With_the_Beatles	Rock	866
The_Beatles	Yellow_Submarine_(album)	Rock	289
The_Beatles	Yesterday_and_Today	Rock	380
The_Black_Eyed_Peas	Behind_the_Front	Hip hop	99
The_Black_Eyed_Peas	Bridging_the_Gap_(Black_Eyed_Peas_album)	Hip hop	234
The_Black_Eyed_Peas	The_Beginning_(The_Black_Eyed_Peas_album)	Hip hop	982
The_Black_Eyed_Peas	The_E.N.D	Hip hop	803
The_Carpenters	A_Kind_of_Hush_(album)	Pop	755
The_Carpenters	A_Song_for_You_(The_Carpenters_album)	Pop	106
The_Carpenters	Carpenters_(album)	Pop	194
The_Carpenters	Close_to_You_(The_Carpenters_album)	Pop	140
The_Carpenters	Horizon_(The_Carpenters_album)	Pop	331
The_Carpenters	Interpretations:_A_25th_Anniversary_Celebration	Pop	366
The_Carpenters	Live_in_Japan_(The_Carpenters_album)	Pop	963
The_Carpenters	Now_&_Then_(The_Carpenters_album)	Pop	18
The_Carpenters	Passage_(The_Carpenters_album)	Pop	873
The_Carpenters	Ticket_to_Ride_(album)	Pop	866
The_Carpenters	Voice_of_the_Heart	Rock	703
The_Doors	Absolutely_Live_(The_Doors_album)	Rock	259
The_Doors	L.A._Woman	Rock	989
The_Doors	Morrison_Hotel	Rock	851
The_Doors	Strange_Days_(album)	Rock	393
The_Doors	The_Doors_(album)	Rock	76
The_Doors	The_Soft_Parade	Rock	874
The_Doors	Waiting_for_the_Sun	Rock	866
The_Police	Every_Breath_You_Take:_The_Singles	Rock	23
The_Police	Ghost_in_the_Machine_(album)	Rock	94
The_Police	Outlandos_d'Amour	Rock	679
The_Police	Reggatta_de_Blanc	Rock	949
The_Police	Synchronicity_(The_Police_album)	Rock	456
The_Rolling_Stones	12_X_5	Rock	700
The_Rolling_Stones	A_Bigger_Bang	Rock	973
The_Rolling_Stones	Aftermath_(The_Rolling_Stones_album)	Rock	859
The_Rolling_Stones	Beggars_Banquet	Rock	364
The_Rolling_Stones	Between_the_Buttons	Rock	381
The_Rolling_Stones	Big_Hits_(High_Tide_and_Green_Grass)	Rock	304
The_Rolling_Stones	Black_and_Blue	Rock	596
The_Rolling_Stones	Bridges_to_Babylon	Rock	158
The_Rolling_Stones	December's_Children_(And_Everybody's)	Rock	765
The_Rolling_Stones	Dirty_Work_(The_Rolling_Stones_album)	Rock	411
The_Rolling_Stones	Emotional_Rescue	Rock	483
The_Rolling_Stones	Five_by_Five_(The_Rolling_Stones_EP)	Rock	920
The_Rolling_Stones	Flashpoint_(album)	Rock	334
The_Rolling_Stones	Flowers_(The_Rolling_Stones_album)	Rock	480
The_Rolling_Stones	Forty_Licks	Rock	650
The_Rolling_Stones	Goats_Head_Soup	Rock	173
The_Rolling_Stones	It's_Only_Rock_'n_Roll	Rock	898
The_Rolling_Stones	Let_It_Bleed	Rock	924
The_Rolling_Stones	Metamorphosis_(The_Rolling_Stones_album)	Rock	823
The_Rolling_Stones	Out_of_Our_Heads	Rock	961
The_Rolling_Stones	Some_Girls	Rock	192
The_Rolling_Stones	Steel_Wheels	Rock	596
The_Rolling_Stones	Sticky_Fingers	Rock	972
The_Rolling_Stones	Still_Life_(The_Rolling_Stones_album)	Rock	117
The_Rolling_Stones	Tattoo_You	Rock	200
The_Rolling_Stones	The_Rolling_Stones_(album)	Rock	967
The_Rolling_Stones	The_Rolling_Stones,_Now!	Rock	491
The_Rolling_Stones	Their_Satanic_Majesties_Request	Rock	767
The_Rolling_Stones	Undercover_(The_Rolling_Stones_album)	Rock	105
The_Rolling_Stones	Voodoo_Lounge	Rock	809
The_Who	A_Quick_One	Rock	281
The_Who	Face_Dances	Rock	127
The_Who	It's_Hard	Rock	76
The_Who	Live_at_Leeds	Rock	108
The_Who	My_Generation_(album)	Rock	314
The_Who	Odds_&_Sods	Rock	361
The_Who	Quadrophenia	Rock	478
The_Who	The_Who_by_Numbers	Rock	497
The_Who	The_Who_Sell_Out	Rock	994
The_Who	Then_and_Now_(The_Who_album)	Rock	816
The_Who	Tommy_(album)	Rock	440
The_Who	Who_Are_You	Rock	245
The_Who	Who's_Next	Rock	923
Tim_McGraw	A_Place_in_the_Sun_(Tim_McGraw_album)	Country	280
Tim_McGraw	All_I_Want_(Tim_McGraw_album)	Country	164
Tim_McGraw	Damn_Country_Music	Country	969
Tim_McGraw	Emotional_Traffic	Country	463
Tim_McGraw	Everywhere_(Tim_McGraw_album)	Country	967
Tim_McGraw	Let_It_Go_(Tim_McGraw_album)	Country	792
Tim_McGraw	Live_Like_You_Were_Dying	Country	559
Tim_McGraw	Not_a_Moment_Too_Soon	Country	827
Tim_McGraw	Set_This_Circus_Down	Country	846
Tim_McGraw	Southern_Voice_(album)	Country	115
Tim_McGraw	Sundown_Heaven_Town	Country	456
Tim_McGraw	Tim_McGraw_and_the_Dancehall_Doctors	Country	329
Tim_McGraw	Two_Lanes_of_Freedom	Country	564
Tina_Turner	Private_Dancer	Pop	930
Tom_Petty	Full_Moon_Fever	Rock	368
Tom_Petty	Highway_Companion	Rock	769
Tom_Petty	Wildflowers_(Tom_Petty_album)	Rock	661
Tupac_Shakur	2Pacalypse_Now	Hip hop	396
Tupac_Shakur	All_Eyez_on_Me	Hip hop	672
Tupac_Shakur	Better_Dayz	Hip hop	914
Tupac_Shakur	Loyal_to_the_Game	Hip hop	996
Tupac_Shakur	Me_Against_the_World	Hip hop	286
Tupac_Shakur	Pac's_Life	Hip hop	281
Tupac_Shakur	R_U_Still_Down%3F_(Remember_Me)	Hip hop	455
Tupac_Shakur	Still_I_Rise_(album)	Hip hop	299